الثاني,265,14,52,29
ربما,233,14,24,24
جعلت,172,13,50,23
هذا,138,14,26,18
البلد,90,13,37,24
في,56,15,24,28
وضع,7,18,41,25
الضوء,273,52,44,21
على,235,41,29,38
غايات,178,52,139,21
العشرجان,104,41,67,38
واهداقه؟,19,41,76,38
',0,57,1,6
الايمكن,271,80,45,37
للمغترب,215,80,50,37
ان,192,89,14,18
يشارك,143,80,41,37
في,120,80,15,37
هذه,90,80,22,37
التظاهرة,19,80,61,37
إخا,208,6,28,29
صدة,163,2,33,44
العزم,110,2,45,44
مض,80,2,26,44
السبيل,13,6,190,30
إذا,216,52,20,32
صدق,166,58,42,25
العزم,115,52,43,31
وضح,69,58,39,25
السبيل,12,52,49,31
وضوح,230,8,40,18
الرسالة,190,5,36,20
وسهولة,136,5,49,20
وسرعة,92,6,39,19
القراءة,50,5,37,20
والفهم,2,5,43,20
خطوط,191,35,79,41
العناوين,2,35,133,41
صممت,205,89,64,12
للعناوين,134,86,64,20
المتعددة,59,85,69,16
اللقات,2,86,51,15
جمال,219,118,51,23
الشكل,145,116,66,25
وحسن,72,122,66,19
المنظر,0,118,65,22
مخصصة,201,144,74,28
للحياة,143,144,52,28
الألكترونية,63,149,70,17
السريعة,0,152,58,14
